﻿<parameters>
  <parameter name="IIS Web Application Name" defaultValue="eule" tags="IisApp">
    <parameterEntry kind="ProviderPath" scope="IisApp" match="^C:\\eule\\AppEule\\AppEule\\obj\\Release\\Package\\PackageTmp$" />
    <parameterEntry kind="ProviderPath" scope="setAcl" match="^C:\\eule\\AppEule\\AppEule\\obj\\Release\\Package\\PackageTmp$" />
  </parameter>
  <parameter name="DefaultConnection-Web.config Connection String" defaultValue="Data Source=v22015112828829481.yourvserver.net;Initial Catalog=EULE_ASP;Persist Security Info=True;User ID=sa;Password=Ti#2#7#m">
    <parameterEntry kind="XmlFile" scope="C:\\eule\\AppEule\\AppEule\\obj\\Release\\Package\\PackageTmp\\Web\.config$" match="/configuration/connectionStrings/add[@name='DefaultConnection']/@connectionString" />
  </parameter>
  <parameter name="Local-Web.config Connection String" description="Local Connection String used in web.config by the application to access the database." defaultValue="Data Source=v22015112828829481.yourvserver.net;Initial Catalog=EULE_ASP;Persist Security Info=True;User ID=sa;Password=Ti#2#7#m" tags="SqlConnectionString">
    <parameterEntry kind="XmlFile" scope="C:\\eule\\AppEule\\AppEule\\obj\\Release\\Package\\PackageTmp\\Web\.config$" match="/configuration/connectionStrings/add[@name='Local']/@connectionString" />
  </parameter>
</parameters>